id,weather_state_name,weather_state_abbr,wind_direction_compass,created,applicable_date,min_temp,max_temp,the_temp,wind_speed,wind_direction,air_pressure,humidity,visibility,predictability
5927500673712128,Clear,c,N,2020-12-02T06:20:16.896087Z,2020-12-01,9.075,16.17,14.205,2.919804362138445,350.37902847390785,1021.5,60,15.912073490813649,68
6657630987616256,Clear,c,NNW,2020-12-02T03:20:16.591141Z,2020-12-01,9.09,15.71,14.155,3.025681262138445,342.0674471280772,1021.5,62,16.542765250934544,68
6408212338180096,Clear,c,N,2020-12-02T00:20:17.479153Z,2020-12-01,9.09,15.71,14.205,2.421710162138445,349.97415256582553,1023.0,64,15.451637437365783,68
6393124755603456,Clear,c,N,2020-12-01T21:20:16.554661Z,2020-12-01,9.09,15.71,13.95,2.4067972954717782,357.0,1023.0,65,13.775177960709456,68
5271799123148800,Clear,c,NNW,2020-12-01T18:20:16.145363Z,2020-12-01,7.09,15.03,14.215,2.250808425724436,337.6749099032676,1022.0,66,14.06566899308041,68
6750868419379200,Clear,c,NNW,2020-12-01T15:20:17.581055Z,2020-12-01,7.09,15.03,14.18,2.2284391257244356,331.8277225933776,1022.0,66,14.102329893422413,68
5765596076572672,Clear,c,NNW,2020-12-01T12:20:17.057483Z,2020-12-01,7.68,15.03,14.115,2.2537081789283913,339.4318808725516,1022.5,67,13.196681380736498,68
5266481181884416,Light Cloud,lc,N,2020-12-01T09:20:16.283614Z,2020-12-01,7.615,15.085,13.925,2.881628112261725,357.90651962810625,1021.5,66,14.688282927702218,70
6157907516194816,Clear,c,NNW,2020-12-01T06:20:19.779286Z,2020-12-01,8.004999999999999,14.175,13.845,3.004244584843183,346.8426344115051,1023.0,65,15.711681281317107,68
6325421843939328,Light Cloud,lc,NNW,2020-12-01T03:20:20.457346Z,2020-12-01,7.92,14.015,13.9,2.9295059848431824,336.07461434229776,1023.0,63,16.45080231448342,70
5511293244014592,Clear,c,NNW,2020-12-01T00:20:20.359162Z,2020-12-01,7.9750000000000005,14.785,14.265,2.213688699445903,346.2125854249485,1023.0,67,15.394471287679949,68
6739386898055168,Light Cloud,lc,N,2020-11-30T21:20:19.878318Z,2020-12-01,7.9750000000000005,14.785,13.92,2.2360579994459027,2.5000000000000044,1023.0,69,6.242294997216257,70
5000918253699072,Clear,c,NNW,2020-11-30T18:20:19.761347Z,2020-12-01,7.825,14.879999999999999,14.495,2.512287017776187,345.4566393700639,1022.5,65,16.059649148970017,68
6320080917889024,Clear,c,NNW,2020-11-30T15:20:20.585281Z,2020-12-01,7.825,14.879999999999999,14.445,2.475004851109521,338.43527495424416,1022.5,66,16.909063568758448,68
6080779433017344,Clear,c,N,2020-11-30T12:20:20.253795Z,2020-12-01,7.78,14.675,14.435,2.532999390850765,354.2912363749307,1022.5,66,16.078600970333255,68
4611035752300544,Clear,c,NNE,2020-11-30T09:20:20.359853Z,2020-12-01,7.65,14.795,14.535,3.4228585241840985,15.600850946421943,1021.5,62,15.301265608844348,68
4611452464791552,Clear,c,N,2020-11-30T06:20:22.452117Z,2020-12-01,7.72,14.365,14.485,3.3089404722739206,6.118051085298155,1023.0,60,16.100970333253798,68
5929985949827072,Clear,c,N,2020-11-30T03:20:23.079253Z,2020-12-01,7.879999999999999,14.485,14.445,3.1135863722739203,356.0,1023.5,60,18.44726795514197,68
4533557058863104,Clear,c,N,2020-11-30T00:20:21.954580Z,2020-12-01,7.799999999999999,14.68,13.82,2.4561777272647736,353.1239186441328,1022.5,68,15.936306967310903,68
5847522577743872,Clear,c,NNE,2020-11-29T21:20:23.958087Z,2020-12-01,7.799999999999999,14.68,13.754999999999999,2.3741569605981074,12.499999999999996,1023.0,71,14.682069215779846,68
6653672269283328,Clear,c,N,2020-11-29T18:20:23.546023Z,2020-12-01,7.93,14.675,14.1,2.4300996376468094,351.356374380339,1022.5,68,15.665078441899308,68
4701617015226368,Clear,c,N,2020-11-29T15:20:22.157264Z,2020-12-01,7.93,14.675,14.024999999999999,2.4077303376468095,351.356374380339,1022.5,69,17.1029313807365,68
5439596348309504,Clear,c,N,2020-11-29T12:20:22.381490Z,2020-12-01,7.9350000000000005,14.66,14.005,2.5170914996924627,0.238033883244048,1022.5,68,16.032930187703812,68
4942837511618560,Clear,c,NNE,2020-11-29T09:20:22.772558Z,2020-12-01,8.1,14.594999999999999,14.245000000000001,3.801967333025796,24.204688169783875,1022.0,62,15.479909826612582,68
5954849515503616,Clear,c,N,2020-11-29T06:20:24.773513Z,2020-12-01,8.12,14.265,14.195,3.8752887352130228,10.153091533939358,1024.0,58,15.994405173785095,68
4800693287256064,Clear,c,NNE,2020-11-29T03:20:25.439768Z,2020-12-01,8.04,15.23,14.315000000000001,3.5344878352130227,12.560065055402053,1024.0,58,19.671679889445635,68
5761951561940992,Clear,c,N,2020-11-29T00:20:26.469231Z,2020-12-01,8.29,15.905000000000001,14.370000000000001,2.526212513155174,359.395777493832,1022.5,67,16.05623160741271,68
6359527407484928,Clear,c,N,2020-11-28T21:20:26.581114Z,2020-12-01,8.29,15.905000000000001,14.29,2.533668946488507,10.499999999999993,1022.5,67,14.867237831066571,68
6721758741659648,Clear,c,N,2020-11-28T18:20:26.904230Z,2020-12-01,8.58,15.93,14.3,2.6503162385402583,6.5646546895633575,1022.0,65,15.420879563350036,68
5239202066202624,Clear,c,N,2020-11-28T15:20:25.490829Z,2020-12-01,8.58,15.93,14.26,2.7472498718735916,359.8017712329512,1022.0,65,17.91164598743339,68
5234202757824512,Clear,c,NNE,2020-11-28T12:20:26.772339Z,2020-12-01,8.545,15.805,14.235,2.822228515588961,20.5,1022.0,63,16.281789350194863,68
4697362950782976,Clear,c,NE,2020-11-28T09:20:27.066693Z,2020-12-01,8.25,15.579999999999998,14.219999999999999,4.5108900489222945,35.69213575626256,1022.0,57,15.821663982343116,68
6684867656941568,Light Cloud,lc,NNE,2020-11-28T06:20:28.460625Z,2020-12-01,8.095,14.91,13.91,4.256128174707707,29.110483305611947,1023.5,54,16.126446552135526,70
5673539257499648,Light Cloud,lc,NNE,2020-11-28T03:20:28.560483Z,2020-12-01,8.27,14.73,13.855,2.6365026080410403,20.197440494035046,1023.5,63,14.294333591823749,70
6032263650213888,Clear,c,NNE,2020-11-28T00:20:29.472799Z,2020-12-01,8.254999999999999,15.075,13.9,2.7400644734139292,16.866197627459794,1022.5,68,14.294333591823749,68
6110177544634368,Clear,c,NNE,2020-11-27T21:20:28.167178Z,2020-12-01,8.254999999999999,15.075,13.865,2.7475209067472623,14.000000000000002,1022.5,67,15.136912928497575,68
5023258760970240,Clear,c,N,2020-11-27T18:20:29.282797Z,2020-12-01,8.615,15.515,14.33,2.805534821103423,6.741879319375317,1021.5,66,15.35221804660781,68
6636075083628544,Clear,c,N,2020-11-27T15:20:28.759487Z,2020-12-01,8.615,15.515,14.215,2.775709087770089,354.17493492126994,1021.5,66,18.223263640340413,68
4874620311175168,Clear,c,N,2020-11-27T12:20:29.358688Z,2020-12-01,8.555,15.54,14.225000000000001,2.684160545595058,9.508319024898535,1021.5,64,16.370334745088684,68
6015130891452416,Clear,c,NNE,2020-11-27T09:20:28.775345Z,2020-12-01,9.05,15.355,12.89,3.2239437683925876,27.5,1021.0,65,9.999726596675416,68
5914293313732608,Clear,c,N,2020-11-27T06:20:31.866909Z,2020-12-01,8.885,14.774999999999999,12.04,3.081028394178001,6.5,1026.0,62,9.999726596675416,68
5888603805712384,Clear,c,NNE,2020-11-27T03:20:32.492972Z,2020-12-01,8.635,15.41,12.04,2.7310283941780007,12.5,1026.0,58,9.999726596675416,68
6541979732148224,Clear,c,NNE,2020-11-27T00:20:31.467450Z,2020-12-01,8.61,15.735,12.25,2.9485083114610675,29.000000000000004,1020.0,63,9.999726596675416,68
4926609481007104,Clear,c,NNE,2020-11-26T21:20:34.082300Z,2020-12-01,8.61,15.735,12.25,2.9485083114610675,29.000000000000004,1020.0,63,9.999726596675416,68
4546142618517504,Clear,c,NNE,2020-11-26T18:20:32.040134Z,2020-12-01,8.65,15.815000000000001,13.27,2.980500278374294,31.5,1021.0,61,9.999726596675416,68
6281784070242304,Clear,c,NNE,2020-11-26T15:20:31.662777Z,2020-12-01,8.65,15.815000000000001,13.27,2.980500278374294,31.5,1021.0,61,9.999726596675416,68
5327485118971904,Clear,c,NNE,2020-11-26T12:20:33.060841Z,2020-12-01,8.21,15.435,12.17,2.8810808876163208,26.0,1022.0,66,9.999726596675416,68
6002469730516992,Clear,c,NNE,2020-11-26T09:20:31.244686Z,2020-12-01,7.765000000000001,15.38,12.17,3.416080887616321,32.0,1022.0,62,9.999726596675416,68
6661496693063680,Clear,c,N,2020-11-26T06:20:34.671784Z,2020-12-01,7.484999999999999,14.780000000000001,11.29,3.189280402449694,1.4999999999999891,1025.0,72,9.999726596675416,68
6118252083150848,Clear,c,N,2020-11-26T03:20:34.822380Z,2020-12-01,7.545,14.275,11.29,2.859280402449694,358.5,1025.0,78,9.999726596675416,68
5661968179396608,Clear,c,NE,2020-11-26T00:20:34.949146Z,2020-12-01,7.65,14.89,11.93,2.9835546408971605,34.0,1021.0,66,9.999726596675416,68
4519074194259968,Clear,c,NE,2020-11-25T21:20:34.922498Z,2020-12-01,7.65,14.89,11.93,2.9835546408971605,34.0,1021.0,66,9.999726596675416,68
5942189596082176,Light Cloud,lc,NNE,2020-11-25T18:20:34.644893Z,2020-12-01,7.074999999999999,13.83,10.63,3.3976898910363476,26.0,1022.0,78,9.999726596675416,70
5883540072824832,Light Cloud,lc,NNE,2020-11-25T15:20:35.054238Z,2020-12-01,7.074999999999999,13.83,10.63,3.3976898910363476,26.0,1022.0,78,9.999726596675416,70
4999763008159744,Light Cloud,lc,NNE,2020-11-25T12:20:37.847988Z,2020-12-01,6.85,13.309999999999999,10.01,3.3324459158514275,25.5,1023.0,78,9.999726596675416,70
5789478242222080,Light Cloud,lc,NNE,2020-11-25T09:20:35.170382Z,2020-12-01,7.095,12.399999999999999,10.01,3.6774459158514277,28.499999999999996,1023.0,79,9.999726596675416,70
5371794719506432,Showers,s,NW,2020-11-25T06:20:38.869732Z,2020-12-01,8.149999999999999,13.094999999999999,12.35,3.121318698799014,313.0,1022.0,79,9.999726596675416,73
5504334021263360,Showers,s,NW,2020-11-25T03:20:37.363213Z,2020-12-01,8.98,14.04,12.35,2.6763186987990135,324.0,1022.0,69,9.999726596675416,73
6394363753005056,Showers,s,NE,2020-11-25T00:20:38.095834Z,2020-12-01,8.469999999999999,13.219999999999999,10.76,2.8658369124314005,34.0,1021.0,70,9.999726596675416,73
6019276172427264,Showers,s,NE,2020-11-24T21:20:37.867868Z,2020-12-01,8.469999999999999,13.219999999999999,10.76,2.8658369124314005,34.0,1021.0,70,9.999726596675416,73
5580122577960960,Light Cloud,lc,ENE,2020-11-24T18:20:37.287778Z,2020-12-01,9.79,14.49,12.5,3.9135083114610674,66.5,1022.0,59,9.999726596675416,70
5732625122590720,Light Cloud,lc,ENE,2020-11-24T15:20:37.767661Z,2020-12-01,9.79,14.49,12.5,3.9135083114610674,66.5,1022.0,59,9.999726596675416,70
5464694962782208,Heavy Cloud,hc,ENE,2020-11-24T12:20:37.447598Z,2020-12-01,9.83,14.26,12.16,4.13409508470532,60.00000000000001,1021.0,59,9.999726596675416,71
6196919341678592,Heavy Cloud,hc,NE,2020-11-24T09:20:38.657888Z,2020-12-01,10.15,14.36,12.16,1.8081901694106417,35.0,1021.0,42,,71
6401653117812736,Heavy Cloud,hc,NE,2020-11-24T06:20:41.630744Z,2020-12-01,10.54,15.27,12.69,1.5037182852143482,47.0,1023.0,45,,71
4615150431633408,Heavy Cloud,hc,NE,2020-11-24T03:20:41.628590Z,2020-12-01,10.54,15.27,12.69,1.5037182852143482,47.0,1023.0,45,,71
4872134931251200,Heavy Cloud,hc,NE,2020-11-24T00:20:41.828248Z,2020-12-01,10.98,14.93,12.97,1.8206175932553885,35.0,1021.0,40,,71
5965833256828928,Heavy Cloud,hc,NE,2020-11-23T21:20:41.168681Z,2020-12-01,10.98,14.93,12.97,1.8206175932553885,35.0,1021.0,40,,71
6561166928117760,Clear,c,NE,2020-11-23T18:20:42.111195Z,2020-12-01,10.79,16.11,12.94,2.0567386463055755,53.0,1021.0,40,,68
5905675861360640,Clear,c,NE,2020-11-23T15:20:42.619792Z,2020-12-01,10.79,16.11,12.94,2.0567386463055755,53.0,1021.0,40,,68
6405350111576064,Clear,c,NE,2020-11-23T12:20:41.223292Z,2020-12-01,10.64,15.18,12.44,2.2804322755110156,43.0,1022.0,41,,68
6082579728957440,Clear,c,NE,2020-11-23T09:20:40.678536Z,2020-12-01,10.64,15.18,12.44,2.2804322755110156,43.0,1022.0,41,,68
5963154237423616,Light Cloud,lc,NNE,2020-12-03T06:20:16.661529Z,2020-12-02,9.704999999999998,16.15,14.44,3.4623444898035474,25.091368175333645,1023.0,55,17.030852322436967,70
5475823122382848,Light Cloud,lc,NNE,2020-12-03T03:20:17.352992Z,2020-12-02,9.725,16.134999999999998,14.415,3.6809392231368805,21.20710492905993,1023.0,56,17.837702815557144,70
5872806010028032,Light Cloud,lc,N,2020-12-03T00:20:17.162634Z,2020-12-02,9.725,16.134999999999998,13.93,4.038848023136881,359.0,1021.0,53,16.32932424640102,70
5846657041170432,Light Cloud,lc,N,2020-12-02T21:20:16.786982Z,2020-12-02,9.725,16.134999999999998,13.68,4.076130189803547,359.0,1020.5,54,14.759740614809512,70
6311510444867584,Light Cloud,lc,N,2020-12-02T18:20:16.562091Z,2020-12-02,8.100000000000001,15.440000000000001,14.285,3.7695956653119116,350.843385866639,1020.5,56,16.606455798138867,70
6533285141282816,Light Cloud,lc,N,2020-12-02T15:20:17.858191Z,2020-12-02,8.100000000000001,15.440000000000001,14.26,3.7621392319785785,350.843385866639,1020.5,56,17.029298894456375,70
5385302089662464,Light Cloud,lc,N,2020-12-02T12:20:16.870761Z,2020-12-02,9.135,15.17,14.120000000000001,3.716986321596543,351.85043160530716,1020.5,55,16.520706573610116,70
4662567139016704,Heavy Cloud,hc,NNE,2020-12-02T09:20:16.490012Z,2020-12-02,9.03,15.79,14.01,3.6199711215965427,28.182647673863844,1022.5,62,14.499696770858188,71
4907708974104576,Light Cloud,lc,NNE,2020-12-02T06:20:19.832101Z,2020-12-02,8.870000000000001,16.3,14.21,3.265375546241947,21.248731193425986,1023.5,61,16.07052314483417,70
6692711273857024,Light Cloud,lc,NNE,2020-12-02T03:20:19.471509Z,2020-12-02,8.325,15.899999999999999,14.2,3.558534612908614,23.234642643090503,1023.5,60,17.380373618070468,70
6062754529017856,Light Cloud,lc,N,2020-12-02T00:20:20.642016Z,2020-12-02,8.5,15.379999999999999,13.96,3.8766765374930405,357.76590345262434,1020.0,57,15.905549093295155,70
5236389567266816,Light Cloud,lc,NNE,2020-12-01T21:20:19.057536Z,2020-12-02,8.5,15.379999999999999,13.67,3.9437844374930404,18.000000000000004,1020.0,57,14.99120138391792,70
6146384085385216,Light Cloud,lc,N,2020-12-01T18:20:19.535514Z,2020-12-02,8.625,15.265,14.285,3.8191929714732633,1.261505084990725,1020.0,57,16.038522528433944,70
6137495013031936,Light Cloud,lc,N,2020-12-01T15:20:20.131222Z,2020-12-02,8.625,15.265,14.255,3.7893672381399295,354.33469848676873,1020.0,57,17.00692953153583,70
5194657081327616,Light Cloud,lc,N,2020-12-01T12:20:20.248462Z,2020-12-02,8.620000000000001,15.285,14.335,3.737586410321059,350.91901459121635,1020.0,57,16.3523149805138,70
6274238718672896,Light Cloud,lc,NNE,2020-12-01T09:20:19.480968Z,2020-12-02,8.64,15.114999999999998,13.895,3.8392586436543925,13.8260284825724,1020.5,62,13.264410840690369,70
4835121208229888,Light Cloud,lc,NNE,2020-12-01T06:20:23.948755Z,2020-12-02,8.365,15.545,14.305,3.789548319069965,18.5,1022.0,61,15.512221128608923,70
5583811854204928,Clear,c,NNE,2020-12-01T03:20:23.263135Z,2020-12-02,8.225,15.66,14.274999999999999,3.824983985736632,22.5,1021.5,60,16.029823331742623,68
6656310419390464,Light Cloud,lc,N,2020-12-01T00:20:24.662878Z,2020-12-02,8.370000000000001,15.32,13.754999999999999,4.138155339279939,2.5846195635188067,1020.0,56,16.45080231448342,70
5980724948631552,Light Cloud,lc,NNE,2020-11-30T21:20:22.959032Z,2020-12-02,8.370000000000001,15.32,13.41,4.227632539279939,24.500000000000004,1020.0,57,14.843315040165434,70
4726814883708928,Clear,c,NNE,2020-11-30T18:20:22.753332Z,2020-12-02,8.379999999999999,15.434999999999999,14.1,4.223567458257112,25.5,1020.0,56,16.14229151753758,68
6440052507803648,Clear,c,NNE,2020-11-30T15:20:24.459297Z,2020-12-02,8.379999999999999,15.434999999999999,14.1,4.149003124923778,25.5,1020.0,56,17.931529865584984,68
4642994704613376,Light Cloud,lc,NNE,2020-11-30T12:20:24.548250Z,2020-12-02,8.3,15.379999999999999,14.120000000000001,4.188356528897903,27.999999999999996,1019.5,56,16.553949932394815,70
5072901905580032,Light Cloud,lc,NE,2020-11-30T09:20:23.068697Z,2020-12-02,8.39,15.915,13.475000000000001,4.202386928897902,35.5,1019.0,60,13.978366340571064,70
4535298701656064,Clear,c,NNE,2020-11-30T06:20:25.495956Z,2020-12-02,8.275,15.905000000000001,13.77,4.143977449569182,31.499999999999993,1021.0,62,14.554688121371193,68
4733259213701120,Clear,c,NNE,2020-11-30T03:20:26.057694Z,2020-12-02,8.545,15.774999999999999,13.73,4.024325982902516,31.000000000000007,1021.0,64,17.395597212280283,68
5555672738430976,Light Cloud,lc,NE,2020-11-30T00:20:24.965461Z,2020-12-02,8.685,15.89,14.120000000000001,4.185468392237334,35.5,1020.0,55,16.67138908772767,70
5895595744034816,Light Cloud,lc,NNE,2020-11-29T21:20:27.944907Z,2020-12-02,8.685,15.89,13.879999999999999,4.468812858904001,31.156260736086335,1020.0,56,15.292566412153025,70
6280551280410624,Clear,c,NNE,2020-11-29T18:20:25.910742Z,2020-12-02,8.995,16.025,14.375,4.550496918515868,28.48551503351374,1019.5,54,16.007143283225957,68
6531565107544064,Clear,c,NNE,2020-11-29T15:20:25.255660Z,2020-12-02,8.995,16.025,14.364999999999998,4.431193985182534,28.48551503351374,1020.0,53,19.017376024019725,68
4696399804366848,Clear,c,NNE,2020-11-29T12:20:25.298734Z,2020-12-02,8.95,15.989999999999998,14.375,4.47386145274265,27.4924164159185,1020.5,52,17.38938350035791,68
6467878023856128,Clear,c,N,2020-11-29T09:20:25.756262Z,2020-12-02,8.17,15.725000000000001,13.93,4.1295529527426496,9.753678124034312,1021.0,59,15.300022866459875,68
5328361996943360,Clear,c,NNE,2020-11-29T06:20:27.767011Z,2020-12-02,8.055,15.61,14.045,3.9530833663591296,15.5,1022.5,61,15.637116738248627,68
5317748864319488,Clear,c,N,2020-11-29T03:20:28.183483Z,2020-12-02,8.01,15.73,14.09,3.751411133025796,4.414380443362538,1022.5,60,19.13978614889048,68
5554566579879936,Clear,c,NNE,2020-11-29T00:20:28.284222Z,2020-12-02,8.205,15.915,14.655,4.6142867915904455,33.01728478252065,1020.0,52,17.57765897160582,68
5087825943855104,Clear,c,NE,2020-11-28T21:20:29.186916Z,2020-12-02,8.205,15.915,14.425,5.352473691590444,40.3300247963149,1020.5,53,15.829120436649964,68
6405556270006272,Clear,c,NE,2020-11-28T18:20:30.579342Z,2020-12-02,8.82,16.265,14.495000000000001,5.441784656470214,49.44334930095596,1020.5,48,16.270293983138473,68
6711900181102592,Clear,c,NE,2020-11-28T15:20:28.683093Z,2020-12-02,8.82,16.265,14.485000000000001,5.538718289803548,49.44334930095596,1021.0,48,20.515501968503937,68
5472322824699904,Clear,c,NE,2020-11-28T12:20:29.756754Z,2020-12-02,8.72,16.34,14.36,5.82993370992073,50.12640602624923,1020.0,47,17.653776942654893,68
5963136822673408,Clear,c,NE,2020-11-28T09:20:28.493979Z,2020-12-02,8.725,16.485,12.53,4.605117314881094,43.0,1017.0,49,9.999726596675416,68
4972815477374976,Clear,c,NE,2020-11-28T06:20:31.848560Z,2020-12-02,8.6,16.115000000000002,12.31,4.151516344547841,35.50000000000001,1022.0,58,9.999726596675416,68
4691807544803328,Clear,c,NE,2020-11-28T03:20:31.474962Z,2020-12-02,8.25,16.03,12.31,4.34151634454784,38.5,1022.0,62,9.999726596675416,68
6457056249774080,Clear,c,NE,2020-11-28T00:20:33.560554Z,2020-12-02,8.21,16.355,12.03,4.819972162570588,47.5,1019.0,55,9.999726596675416,68
6348146650120192,Clear,c,NE,2020-11-27T21:20:32.066917Z,2020-12-02,8.21,16.355,12.03,4.819972162570588,47.5,1019.0,55,9.999726596675416,68
4857594523942912,Light Cloud,lc,NE,2020-11-27T18:20:32.359265Z,2020-12-02,8.425,16.785,12.59,4.893863437524855,50.5,1016.0,53,9.999726596675416,70
5992366591705088,Light Cloud,lc,NE,2020-11-27T15:20:32.978059Z,2020-12-02,8.425,16.785,12.59,4.893863437524855,50.5,1016.0,53,9.999726596675416,70
4722002137972736,Heavy Cloud,hc,NE,2020-11-27T12:20:32.163381Z,2020-12-02,8.27,16.245,12.03,4.514827010260081,46.49999999999999,1017.0,55,9.999726596675416,71
6399543315791872,Heavy Cloud,hc,NE,2020-11-27T09:20:32.059134Z,2020-12-02,8.165,15.940000000000001,12.03,3.874827010260081,48.50000000000001,1017.0,56,9.999726596675416,71
5123430551650304,Light Cloud,lc,NE,2020-11-27T06:20:35.262110Z,2020-12-02,8.32,15.895,12.67,3.536179710490734,38.0,1020.0,60,9.999726596675416,70
6192426168352768,Clear,c,NE,2020-11-27T03:20:35.566049Z,2020-12-02,8.545,15.855,12.67,4.1561797104907345,38.0,1020.0,58,9.999726596675416,68
5735647269617664,Clear,c,NE,2020-11-27T00:20:34.377889Z,2020-12-02,8.245,16.035,11.96,4.836581165990615,47.5,1015.0,52,9.999726596675416,68
4667701000667136,Clear,c,NE,2020-11-26T21:20:36.868792Z,2020-12-02,8.245,16.035,11.96,4.836581165990615,47.5,1015.0,52,9.999726596675416,68
4629399388291072,Clear,c,NE,2020-11-26T18:20:34.746953Z,2020-12-02,8.075,15.93,12.65,4.575552771812615,49.5,1017.0,56,9.999726596675416,68
6377141840117760,Clear,c,NE,2020-11-26T15:20:34.570174Z,2020-12-02,8.075,15.93,12.65,4.575552771812615,49.5,1017.0,56,9.999726596675416,68
4745947620835328,Clear,c,ENE,2020-11-26T12:20:35.988896Z,2020-12-02,7.45,15.754999999999999,11.22,4.858276664280601,57.00000000000001,1022.0,55,9.999726596675416,68
5332086002024448,Clear,c,NE,2020-11-26T09:20:34.047192Z,2020-12-02,8.065,15.830000000000002,11.22,4.873276664280601,55.5,1022.0,51,9.999726596675416,68
5448828780019712,Clear,c,NE,2020-11-26T06:20:37.680661Z,2020-12-02,8.26,15.48,11.67,4.860849240435854,46.0,1021.0,50,9.999726596675416,68
5782447917629440,Light Cloud,lc,NE,2020-11-26T03:20:38.158347Z,2020-12-02,7.905,15.295,11.67,3.9608492404358544,52.50000000000001,1021.0,60,9.999726596675416,70
6320795123974144,Light Cloud,lc,ENE,2020-11-26T00:20:37.469270Z,2020-12-02,7.405,15.595,10.8,3.9359943927463608,59.99999999999999,1021.0,62,9.999726596675416,70
5335830542417920,Light Cloud,lc,ENE,2020-11-25T21:20:38.176802Z,2020-12-02,7.405,15.595,10.8,3.9359943927463608,59.99999999999999,1021.0,62,9.999726596675416,70
6626179478978560,Light Cloud,lc,ENE,2020-11-25T18:20:38.101034Z,2020-12-02,7.859999999999999,14.275,11.95,3.2649135051300404,64.0,1019.0,71,9.999726596675416,70
5869815773265920,Light Cloud,lc,ENE,2020-11-25T15:20:37.981485Z,2020-12-02,7.859999999999999,14.275,11.95,3.2649135051300404,64.0,1019.0,71,9.999726596675416,70
5287143195803648,Heavy Cloud,hc,NNE,2020-11-25T12:20:39.980395Z,2020-12-02,7.535,13.685,10.9,3.1033569951483337,20.999999999999996,1024.0,74,9.999726596675416,71
4870020636082176,Heavy Cloud,hc,N,2020-11-25T09:20:37.978347Z,2020-12-02,9.14,11.98,10.9,0.7767139902966674,7.0,1024.0,67,,71
6611788654182400,Clear,c,N,2020-11-25T06:20:41.572664Z,2020-12-02,8.61,12.55,10.65,1.5596416925157082,10.0,1023.0,66,,68
6127919886761984,Clear,c,N,2020-11-25T03:20:40.471977Z,2020-12-02,8.61,12.55,10.65,1.5596416925157082,10.0,1023.0,66,,68
6564933245337600,Clear,c,E,2020-11-25T00:20:40.703086Z,2020-12-02,8.63,12.55,10.73,0.8885608048993876,89.0,1021.0,68,,68
5844681221996544,Clear,c,E,2020-11-24T21:20:41.367746Z,2020-12-02,8.63,12.55,10.73,0.8885608048993876,89.0,1021.0,68,,68
5406232371265536,Heavy Cloud,hc,NNE,2020-11-24T18:20:40.298859Z,2020-12-02,10.59,13.82,11.91,1.9138232720909885,28.0,1021.0,45,,71
5044546531491840,Heavy Cloud,hc,NNE,2020-11-24T15:20:40.640098Z,2020-12-02,10.59,13.82,11.91,1.9138232720909885,28.0,1021.0,45,,71
5047999416762368,Clear,c,NE,2020-11-24T12:20:40.442667Z,2020-12-02,10.95,15.29,13.27,1.0376898910363477,55.0,1022.0,41,,68
5086202613989376,Clear,c,NE,2020-11-24T09:20:41.946429Z,2020-12-02,10.95,15.29,13.27,1.0376898910363477,55.0,1022.0,41,,68
4736024233115648,Light Cloud,lc,N,2020-12-04T06:20:16.190240Z,2020-12-03,9.95,15.95,15.035,2.718701855576765,0.11502182991405926,1025.0,54,17.24460401256661,70
5662542631272448,Light Cloud,lc,N,2020-12-04T03:20:18.085215Z,2020-12-03,9.965,16.65,15.010000000000002,2.768876122243432,354.78297486048456,1025.0,54,16.92801539012169,70
4840714027401216,Light Cloud,lc,NNE,2020-12-04T00:20:17.007588Z,2020-12-03,9.965,16.65,14.46,3.529432322243432,32.22652112674949,1025.0,56,17.31699375646226,70
6505201121886208,Light Cloud,lc,NNE,2020-12-03T21:20:17.515752Z,2020-12-03,9.965,16.65,14.345,3.6561916889100985,32.22652112674949,1025.0,56,15.097145172194384,70
6465289332981760,Light Cloud,lc,NE,2020-12-03T18:20:16.164810Z,2020-12-03,8.17,16.05,14.77,3.24293275224953,40.381433190691986,1025.0,57,17.672418078422012,70
5476330566057984,Light Cloud,lc,NE,2020-12-03T15:20:16.556475Z,2020-12-03,8.17,16.05,14.774999999999999,3.213107018916196,40.381433190691986,1025.0,57,18.212700330072376,70
4965836826607616,Light Cloud,lc,NE,2020-12-03T12:20:16.870466Z,2020-12-03,8.73,16.08,14.68,3.245418195071449,38.95956704125674,1025.0,57,17.425423029507677,70
5761730203353088,Clear,c,NNE,2020-12-03T09:20:17.656391Z,2020-12-03,8.885,16.36,15.09,3.157613228404783,22.500000000000004,1025.0,56,15.324877714149368,68
4593446217056256,Clear,c,NNE,2020-12-03T06:20:19.567781Z,2020-12-03,9.16,16.09,14.879999999999999,3.104175578528063,23.541255216516582,1023.0,54,16.420665811659905,68
5155126202335232,Clear,c,NNE,2020-12-03T03:20:19.771622Z,2020-12-03,8.73,16.435,14.89,3.0172419451947294,29.32919230897135,1023.0,53,17.760342102123598,68
5556552938291200,Clear,c,NE,2020-12-03T00:20:19.602889Z,2020-12-03,8.91,16.67,14.475,2.9592473005859117,41.61035453612921,1025.5,56,16.581600950449378,68
4624971277008896,Clear,c,NE,2020-12-02T21:20:20.146514Z,2020-12-03,8.91,16.67,14.254999999999999,3.0338116339192447,41.61035453612921,1025.5,59,15.033765310586176,68
5075570657329152,Clear,c,NE,2020-12-02T18:20:20.187090Z,2020-12-03,8.935,16.37,14.530000000000001,2.8506372608446675,35.32192997875895,1024.5,58,16.4088597590074,68
5464207886647296,Clear,c,NE,2020-12-02T15:20:21.330137Z,2020-12-03,8.935,16.37,14.54,2.835724394178001,35.32192997875895,1024.5,58,17.48258917919351,68
4953413734367232,Clear,c,NNE,2020-12-02T12:20:20.756551Z,2020-12-03,8.83,16.34,14.379999999999999,2.9343151641719025,31.321773523120026,1024.5,59,16.28427483496381,68
6726859552194560,Clear,c,NNE,2020-12-02T09:20:19.645721Z,2020-12-03,9.005,16.335,14.82,3.2452087641719025,28.950523460413528,1025.0,55,15.293498468941381,68
4859507093012480,Light Cloud,lc,NNE,2020-12-02T06:20:23.597211Z,2020-12-03,8.865,16.115000000000002,14.809999999999999,3.3549842365995914,29.62107342876872,1023.0,52,16.07518342877595,70
5232294416613376,Light Cloud,lc,NNE,2020-12-02T03:20:22.645593Z,2020-12-03,8.85,15.870000000000001,14.864999999999998,3.366993869932925,25.826627549211217,1023.0,52,18.187534796786764,70
5804553342550016,Light Cloud,lc,NE,2020-12-02T00:20:23.493453Z,2020-12-03,8.74,15.61,13.94,3.0140554312388983,40.00152669071973,1023.5,62,15.728768989103635,70
4541030436175872,Light Cloud,lc,NE,2020-12-01T21:20:22.166555Z,2020-12-03,8.74,15.61,13.66,3.3719642312388984,40.00152669071973,1023.5,66,14.555930863755666,70
4514267454767104,Light Cloud,lc,NE,2020-12-01T18:20:22.144221Z,2020-12-03,8.585,15.035,13.89,3.357988474954267,44.333329572528974,1023.0,64,15.787799252366181,70
6497602787868672,Light Cloud,lc,NE,2020-12-01T15:20:23.078786Z,2020-12-03,8.585,15.035,13.879999999999999,3.5145735749542677,44.333329572528974,1022.5,63,17.77401226835282,70
6466888436547584,Light Cloud,lc,NE,2020-12-01T12:20:23.483971Z,2020-12-03,8.44,14.635,13.675,3.3269196007396804,45.33329571956083,1022.5,67,15.926365028235107,70
4866863835119616,Light Cloud,lc,NE,2020-12-01T09:20:22.287959Z,2020-12-03,8.405,14.85,14.190000000000001,3.33393480073968,50.12640602624923,1023.5,64,15.140330470054879,70
6288338458771456,Light Cloud,lc,NE,2020-12-01T06:20:26.562953Z,2020-12-03,8.615,14.774999999999999,14.254999999999999,3.843044553389539,42.00835421334216,1021.5,55,15.675952437763462,70
5108144259727360,Light Cloud,lc,NE,2020-12-01T03:20:26.343386Z,2020-12-03,8.98,14.85,14.31,3.6596185200562057,41.279718685051634,1021.0,56,16.64591286884594,70
6429557251899392,Light Cloud,lc,E,2020-12-01T00:20:26.360332Z,2020-12-03,8.71,14.68,13.46,3.280582092791432,80.99999999999999,1019.5,69,16.029823331742623,70
6609877158854656,Light Cloud,lc,NW,2020-11-30T21:20:26.645422Z,2020-12-03,8.71,14.68,12.965,3.2582127927914315,308.96596224697646,1019.0,74,13.31287779368488,70
6204844294537216,Light Cloud,lc,N,2020-11-30T18:20:25.773050Z,2020-12-03,9.34,14.675,13.620000000000001,3.9067294395874756,4.797646848012297,1019.0,68,14.623971009305654,70
6190351162277888,Light Cloud,lc,N,2020-11-30T15:20:26.541351Z,2020-12-03,9.34,14.675,13.705,3.5339077729208093,4.797646848012297,1019.0,67,17.15170901932713,70
5349264931684352,Light Cloud,lc,N,2020-11-30T12:20:27.057942Z,2020-12-03,9.524999999999999,15.16,13.895,3.528937097012116,4.574329278528943,1019.0,64,15.284177901057822,70
5857081430114304,Heavy Cloud,hc,NE,2020-11-30T09:20:26.067837Z,2020-12-03,8.315,15.495000000000001,14.615,4.172559663678783,42.00427669208851,1021.0,56,15.806129702537183,71
6609643049582592,Heavy Cloud,hc,NE,2020-11-30T06:20:28.478816Z,2020-12-03,8.24,15.605,14.375,4.349029564665023,44.000304779886214,1021.0,52,16.11401912829078,71
5768892765962240,Heavy Cloud,hc,NE,2020-11-30T03:20:29.263189Z,2020-12-03,8.345,15.76,14.469999999999999,3.70252603133169,42.3330925501716,1021.5,56,20.22594299292134,71
6392860782886912,Heavy Cloud,hc,NNE,2020-11-30T00:20:28.082400Z,2020-12-03,8.475,15.6,13.73,3.514457746735067,16.17219026972994,1019.5,63,15.319285373419232,71
5079964576645120,Heavy Cloud,hc,NNE,2020-11-29T21:20:29.271669Z,2020-12-03,8.475,15.6,13.67,3.7530636134017334,30.489264640880478,1020.5,63,13.812149546647579,71
5670475972739072,Light Cloud,lc,NNE,2020-11-29T18:20:28.867327Z,2020-12-03,8.605,15.825,13.934999999999999,3.971866874954267,30.489264640880478,1021.5,59,15.501036447148651,70
6332140917620736,Light Cloud,lc,NNE,2020-11-29T15:20:28.157080Z,2020-12-03,8.605,15.825,14.035,4.009149041620934,30.489264640880478,1022.0,57,19.336760816829717,70
5489008199073792,Light Cloud,lc,NNE,2020-11-29T12:20:28.452090Z,2020-12-03,8.655,15.93,14.3,4.210058850709192,29.81727835936848,1022.5,55,17.236526187067525,70
5134968578637824,Heavy Cloud,hc,NE,2020-11-29T09:20:28.657783Z,2020-12-03,8.865,15.565000000000001,12.83,3.620355126063788,37.5,1023.0,59,9.999726596675416,71
5968630320726016,Light Cloud,lc,NE,2020-11-29T06:20:31.340589Z,2020-12-03,8.5,15.600000000000001,12.42,3.778804780084308,38.5,1019.0,59,9.999726596675416,70
6600394240163840,Light Cloud,lc,NE,2020-11-29T03:20:31.355983Z,2020-12-03,8.295,15.735,12.42,3.8988047800843075,42.5,1019.0,58,9.999726596675416,70
5852749452279808,Heavy Cloud,hc,NE,2020-11-29T00:20:31.251256Z,2020-12-03,8.39,15.855,12.0,4.057254434104827,54.5,1022.0,59,9.999726596675416,71
4952152523931648,Heavy Cloud,hc,NE,2020-11-28T21:20:32.357943Z,2020-12-03,8.39,15.855,12.0,4.057254434104827,54.5,1022.0,59,9.999726596675416,71
6537129371893760,Heavy Cloud,hc,NE,2020-11-28T18:20:32.957940Z,2020-12-03,7.96,16.06,11.96,3.588468146027201,45.99999999999999,1024.0,58,9.999726596675416,71
5129099270946816,Heavy Cloud,hc,NE,2020-11-28T15:20:31.571932Z,2020-12-03,7.96,16.06,11.96,3.588468146027201,45.99999999999999,1024.0,58,9.999726596675416,71
4900715391614976,Heavy Cloud,hc,NE,2020-11-28T12:20:32.672908Z,2020-12-03,7.765000000000001,16.185,11.8,3.5045830350751612,50.0,1024.0,56,9.999726596675416,71
5630003959037952,Heavy Cloud,hc,NE,2020-11-28T09:20:31.860549Z,2020-12-03,8.435,15.91,11.8,4.199583035075161,49.5,1024.0,54,9.999726596675416,71
6049846407462912,Light Cloud,lc,NE,2020-11-28T06:20:34.547418Z,2020-12-03,8.455,15.93,12.23,4.308322993716694,48.00000000000001,1019.0,55,9.999726596675416,70
4688847775465472,Light Cloud,lc,NE,2020-11-28T03:20:34.547912Z,2020-12-03,8.32,16.125,12.23,4.358322993716694,49.0,1019.0,54,9.999726596675416,70
5616404481966080,Heavy Cloud,hc,NE,2020-11-28T00:20:35.486083Z,2020-12-03,8.76,15.764999999999999,12.15,4.237155611230414,44.0,1019.0,53,9.999726596675416,71
5246225411473408,Heavy Cloud,hc,NE,2020-11-27T21:20:34.500281Z,2020-12-03,8.76,15.764999999999999,12.15,4.237155611230414,44.0,1019.0,53,9.999726596675416,71
6337695820283904,Light Cloud,lc,NE,2020-11-27T18:20:36.972836Z,2020-12-03,7.904999999999999,15.829999999999998,11.94,4.639629364511254,48.50000000000001,1025.0,53,9.999726596675416,70
6557010540625920,Light Cloud,lc,NE,2020-11-27T15:20:34.573258Z,2020-12-03,7.904999999999999,15.829999999999998,11.94,4.639629364511254,48.50000000000001,1025.0,53,9.999726596675416,70
4767559527170048,Clear,c,NE,2020-11-27T12:20:34.157822Z,2020-12-03,7.5,15.655,11.32,4.881964129483815,49.00000000000001,1024.0,54,9.999726596675416,68
6049679272837120,Light Cloud,lc,NE,2020-11-27T09:20:34.782427Z,2020-12-03,7.705,15.475,11.32,4.146964129483814,43.5,1024.0,55,9.999726596675416,70
6127073409105920,Light Cloud,lc,NE,2020-11-27T06:20:37.775537Z,2020-12-03,8.09,15.754999999999999,12.27,4.230849240435854,49.0,1017.0,54,9.999726596675416,70
6382264695914496,Light Cloud,lc,ENE,2020-11-27T03:20:39.073405Z,2020-12-03,9.485,15.350000000000001,12.27,3.5258492404358543,70.0,1017.0,57,9.999726596675416,70
4943789920616448,Light Cloud,lc,ENE,2020-11-27T00:20:37.746283Z,2020-12-03,8.71,14.825,10.58,3.622161775232641,65.5,1021.0,57,9.999726596675416,70
6112085751627776,Light Cloud,lc,ENE,2020-11-26T21:20:39.770266Z,2020-12-03,8.71,14.825,10.58,3.622161775232641,65.5,1021.0,57,9.999726596675416,70
6417020477243392,Heavy Cloud,hc,NE,2020-11-26T18:20:37.769319Z,2020-12-03,9.780000000000001,15.415,12.58,2.593356995148334,51.00000000000001,1016.0,56,9.999726596675416,71
6289368143626240,Heavy Cloud,hc,NE,2020-11-26T15:20:38.169721Z,2020-12-03,9.780000000000001,15.415,12.58,2.593356995148334,51.00000000000001,1016.0,56,9.999726596675416,71
5691342802911232,Heavy Cloud,hc,NE,2020-11-26T12:20:38.750806Z,2020-12-03,9.475,15.355,12.2,3.025209973753281,39.00000000000001,1023.0,52,9.999726596675416,71
4766062697512960,Heavy Cloud,hc,NE,2020-11-26T09:20:37.545383Z,2020-12-03,10.35,13.96,12.2,1.6404199475065617,44.0,1023.0,42,,71
6531592789950464,Clear,c,ENE,2020-11-26T06:20:40.671754Z,2020-12-03,9.07,14.67,11.27,2.2555774278215224,57.00000000000001,1023.0,44,,68
5882337582645248,Clear,c,ENE,2020-11-26T03:20:41.274282Z,2020-12-03,9.07,14.67,11.27,2.2555774278215224,57.00000000000001,1023.0,44,,68
5832001102807040,Heavy Cloud,hc,NE,2020-11-26T00:20:40.662370Z,2020-12-03,9.76,13.57,11.03,2.2058677324425355,48.00000000000001,1019.0,44,,71
4764241497161728,Heavy Cloud,hc,NE,2020-11-25T21:20:41.856081Z,2020-12-03,9.76,13.57,11.03,2.2058677324425355,48.00000000000001,1019.0,44,,71
4694663966490624,Heavy Rain,hr,NE,2020-11-25T18:20:40.671164Z,2020-12-03,10.01,13.28,10.01,3.5542432195975504,45.0,1016.0,73,,77
5425410373320704,Heavy Rain,hr,NE,2020-11-25T15:20:41.855544Z,2020-12-03,10.01,13.28,10.01,3.5542432195975504,45.0,1016.0,73,,77
5077294012956672,Clear,c,NE,2020-11-25T12:20:43.092386Z,2020-12-03,9.1,13.54,11.61,1.4850771494472281,49.00000000000001,1024.0,54,,68
4709524653998080,Clear,c,NE,2020-11-25T09:20:40.982427Z,2020-12-03,9.1,13.54,11.61,1.4850771494472281,49.00000000000001,1024.0,54,,68
4633488734027776,Light Cloud,lc,ENE,2020-12-05T06:20:16.991158Z,2020-12-04,10.0,16.84,14.715,3.159216204560036,63.30782837375592,1023.5,50,16.420665811659905,70
6541918025547776,Light Cloud,lc,ENE,2020-12-05T03:20:17.196176Z,2020-12-04,10.0,17.43,14.68,3.272723804560036,62.681868671815096,1023.5,52,17.098581782390838,70
5710513389436928,Clear,c,NE,2020-12-05T00:20:17.358987Z,2020-12-04,10.0,17.43,15.344999999999999,3.183246604560036,44.2202187546535,1024.0,49,17.076212419470295,68
5664133681774592,Clear,c,NE,2020-12-04T21:20:17.866885Z,2020-12-04,10.0,17.43,14.995000000000001,3.354744571226703,36.52640561363992,1024.0,50,15.02848365545216,68
4835123221495808,Clear,c,NNE,2020-12-04T18:20:17.551432Z,2020-12-04,8.42,16.95,15.8,3.0285700917442138,33.70632145621819,1024.0,49,17.53105613218802,68
4954454592847872,Clear,c,NNE,2020-12-04T15:20:16.783270Z,2020-12-04,8.42,16.95,15.8,2.9838314917442137,33.70632145621819,1024.0,49,18.04089119541875,68
5600598868099072,Clear,c,NNE,2020-12-04T12:20:16.700237Z,2020-12-04,9.445,16.935,15.684999999999999,3.0770369608446675,32.68840333800015,1024.5,49,17.027745466475782,68
5998810519044096,Light Cloud,lc,NE,2020-12-04T09:20:15.980600Z,2020-12-04,9.14,17.32,14.405,3.3249457608446673,50.34812679276292,1023.5,56,14.666534935973912,70
6207825270276096,Light Cloud,lc,NE,2020-12-04T06:20:19.684238Z,2020-12-04,9.21,16.705,13.86,3.265708604560036,54.65646183725254,1024.0,57,15.623757257615525,70
4978380010160128,Light Cloud,lc,NE,2020-12-04T03:20:22.010303Z,2020-12-04,9.58,16.74,13.885,3.1083337378933695,51.51459832152294,1024.0,56,15.959608387019804,70
6468980622491648,Clear,c,N,2020-12-04T00:20:19.730948Z,2020-12-04,9.54,17.25,15.64,2.920265872767041,5.923162786413957,1024.5,49,16.92801539012169,68
5282717466886144,Clear,c,NNE,2020-12-03T21:20:20.114733Z,2020-12-04,9.54,17.25,15.455,3.1514153061003736,29.000000000000004,1024.5,51,15.414976537023781,68
6243431622901760,Clear,c,NNE,2020-12-03T18:20:19.580142Z,2020-12-04,9.545,17.355,15.780000000000001,2.9073156489222938,22.5,1024.5,49,16.855004275033803,68
5112248738512896,Clear,c,N,2020-12-03T15:20:19.169630Z,2020-12-04,9.545,17.355,15.775,2.795469148922294,7.717882934568558,1024.5,49,17.977511333810547,68
6027455736315904,Clear,c,N,2020-12-03T12:20:20.064878Z,2020-12-04,9.605,17.310000000000002,15.719999999999999,2.8924028871232004,4.725336713463643,1025.0,48,16.83698451045892,68
6751366098714624,Light Cloud,lc,NE,2020-12-03T09:20:20.564730Z,2020-12-04,9.344999999999999,17.05,14.585,3.3091733871232,40.80968356109631,1024.5,52,14.548474409448819,70
5682565366153216,Clear,c,NNE,2020-12-03T06:20:23.249098Z,2020-12-04,9.23,16.58,14.129999999999999,3.5506790069938226,28.987587778944402,1025.0,53,15.042775192873618,68
6307369559523328,Light Cloud,lc,NNE,2020-12-03T03:20:22.662884Z,2020-12-04,9.285,17.119999999999997,14.11,3.7149763736604893,26.167292835411537,1025.0,54,16.094445935735305,70
6309635557425152,Light Cloud,lc,NE,2020-12-03T00:20:22.688177Z,2020-12-04,9.355,17.155,15.895,3.2530913979055653,42.644016228567544,1024.5,45,16.119922154617036,70
6724775721304064,Light Cloud,lc,NNE,2020-12-02T21:20:22.889972Z,2020-12-04,9.355,17.155,15.805,3.342568597905565,27.83356698802847,1024.5,47,15.72038047800843,70
4742105537708032,Clear,c,NNE,2020-12-02T18:20:22.768607Z,2020-12-04,9.459999999999999,17.395,16.19,3.3593979146955113,30.168892128529112,1024.0,45,16.789449614252764,68
5911464842887168,Clear,c,NE,2020-12-02T15:20:23.770734Z,2020-12-04,9.459999999999999,17.395,16.295,3.2102692480288453,34.0,1024.0,46,19.045337727670404,68
4703430967820288,Clear,c,NNE,2020-12-02T12:20:23.166868Z,2020-12-04,9.4,17.2,16.185,3.3627120831490758,21.836405390678426,1024.0,45,17.38006293247435,68
5525099114397696,Clear,c,NNE,2020-12-02T09:20:22.009048Z,2020-12-04,9.58,16.965,15.245000000000001,3.755010949815743,33.360362325872636,1023.5,47,14.870655372623876,68
5736266013343744,Clear,c,NE,2020-12-02T06:20:25.852642Z,2020-12-04,9.375,16.595,13.975000000000001,3.499834870086694,35.69504508590411,1024.5,51,15.222662153026326,68
5785295883599872,Clear,c,NE,2020-12-02T03:20:25.436949Z,2020-12-04,9.1,16.375,14.135000000000002,3.4704392367533607,40.666128215596736,1024.5,53,17.289653424003816,68
5717533647699968,Clear,c,NE,2020-12-02T00:20:26.795166Z,2020-12-04,9.035,16.62,15.91,3.7115307559770936,35.01230078139662,1024.0,45,15.853975284339457,68
5882059919720448,Clear,c,NE,2020-12-01T21:20:25.569002Z,2020-12-04,9.035,16.62,15.850000000000001,3.7786386559770935,35.01230078139662,1024.0,47,15.456297721307564,68
5931759368667136,Clear,c,NE,2020-12-01T18:20:24.954775Z,2020-12-04,9.235,16.595,15.835,3.8984491877700886,36.38928419463477,1024.0,46,16.082950568678914,68
6144961847230464,Clear,c,NE,2020-12-01T15:20:26.543327Z,2020-12-04,9.235,16.595,15.969999999999999,3.644930454436756,43.838319727898934,1024.0,46,19.153767000715817,68
5582900314505216,Clear,c,NE,2020-12-01T12:20:26.551481Z,2020-12-04,9.08,16.875,16.025,3.9982832035128184,54.15661413336099,1024.0,47,16.648709039211006,68
4609661362765824,Clear,c,NE,2020-12-01T09:20:26.163906Z,2020-12-04,8.35,17.0,15.285,3.7701297035128185,47.10897415798255,1023.0,49,15.565969736737452,68
5198388602601472,Clear,c,ENE,2020-12-01T06:20:28.857531Z,2020-12-04,7.955,16.235,13.92,3.465243404066916,59.884394019960666,1022.0,56,15.902752922930087,68
6272269375504384,Light Cloud,lc,ENE,2020-12-01T03:20:29.271882Z,2020-12-04,7.895,15.850000000000001,13.86,3.468658304066915,73.73955632902883,1022.0,58,17.662786824942337,70
5276570697596928,Light Cloud,lc,ENE,2020-12-01T00:20:29.758755Z,2020-12-04,8.165000000000001,16.7,15.775,3.865506931732019,62.161267040930035,1022.0,51,16.64591286884594,70
4685310903451648,Light Cloud,lc,NE,2020-11-30T21:20:28.959563Z,2020-12-04,8.165000000000001,16.7,15.834999999999999,4.253241465065352,48.75510956607745,1022.0,53,15.502900560725363,70
4797469410983936,Clear,c,NE,2020-11-30T18:20:30.644933Z,2020-12-04,8.495,17.205,16.135,4.9934515025583925,47.99939016145611,1021.5,48,15.975453352421855,68
5586900204126208,Clear,c,NE,2020-11-30T15:20:29.951218Z,2020-12-04,8.495,17.205,16.315,4.866692135891726,47.99939016145611,1022.0,46,20.026172154617036,68
5348363928076288,Clear,c,NE,2020-11-30T12:20:29.079647Z,2020-12-04,8.075,16.81,16.205,4.254848509427609,54.1500951096793,1022.5,44,17.567717032530027,68
5588009949855744,Clear,c,NE,2020-11-30T09:20:29.156937Z,2020-12-04,7.645,16.785,15.1,3.3691414141414144,44.50000000000001,1022.0,48,9.999726596675416,68
5244883368411136,Light Cloud,lc,NE,2020-11-30T06:20:31.369145Z,2020-12-04,7.98,16.064999999999998,12.52,3.4343853893263345,40.5,1019.0,54,9.999726596675416,70
4513886377082880,Light Cloud,lc,NE,2020-11-30T03:20:32.057056Z,2020-12-04,8.094999999999999,15.935,12.52,3.004385389326334,37.49999999999999,1019.0,61,9.999726596675416,70
5586431817809920,Clear,c,NE,2020-11-30T00:20:31.251737Z,2020-12-04,7.92,16.7,15.64,3.0572019406665074,50.49999999999999,1023.0,54,9.999726596675416,68
6002626631041024,Clear,c,NE,2020-11-29T21:20:32.273882Z,2020-12-04,7.92,16.7,15.64,3.0572019406665074,50.49999999999999,1023.0,54,9.999726596675416,68
6412930728853504,Clear,c,NNE,2020-11-29T18:20:31.987456Z,2020-12-04,7.92,16.415,14.25,3.347294599538694,27.5,1023.0,54,9.999726596675416,68
5189941036318720,Clear,c,NNE,2020-11-29T15:20:31.163331Z,2020-12-04,7.92,16.415,14.25,3.347294599538694,27.5,1023.0,54,9.999726596675416,68
5822299711209472,Clear,c,NNE,2020-11-29T12:20:31.356483Z,2020-12-04,7.9,16.535,14.54,3.4933168297144674,29.500000000000004,1023.0,55,9.999726596675416,68
4593396590051328,Clear,c,NE,2020-11-29T09:20:31.942465Z,2020-12-04,8.365,16.57,14.54,3.7883168297144674,35.5,1023.0,51,9.999726596675416,68
4928251400028160,Light Cloud,lc,NE,2020-11-29T06:20:33.778507Z,2020-12-04,8.635,16.22,12.04,3.9840487552692276,46.5,1023.0,53,9.999726596675416,70
6749930103242752,Light Cloud,lc,NE,2020-11-29T03:20:34.568959Z,2020-12-04,8.83,16.25,12.04,3.9790487552692277,43.5,1023.0,53,9.999726596675416,70
5078697661956096,Clear,c,NE,2020-11-29T00:20:34.288275Z,2020-12-04,8.74,16.45,14.92,3.5844780481985206,37.5,1024.0,47,9.999726596675416,68
5054096626155520,Clear,c,NE,2020-11-28T21:20:35.273540Z,2020-12-04,8.74,16.45,14.92,3.5844780481985206,37.5,1024.0,47,9.999726596675416,68
5626230159179776,Clear,c,NNE,2020-11-28T18:20:36.391482Z,2020-12-04,8.955,16.385,14.89,3.4373934224131073,26.0,1027.0,49,9.999726596675416,68
5649711416475648,Clear,c,NNE,2020-11-28T15:20:34.658756Z,2020-12-04,8.955,16.385,14.89,3.4373934224131073,26.0,1027.0,49,9.999726596675416,68
4752659278987264,Clear,c,NNE,2020-11-28T12:20:35.658002Z,2020-12-04,8.850000000000001,16.045,14.47,3.2478752087807203,22.500000000000004,1027.0,49,9.999726596675416,68
6208029247668224,Clear,c,NNE,2020-11-28T09:20:34.375264Z,2020-12-04,8.440000000000001,15.774999999999999,14.47,2.9178752087807203,25.499999999999996,1027.0,50,9.999726596675416,68
5672807770882048,Light Cloud,lc,NE,2020-11-28T06:20:37.467505Z,2020-12-04,8.66,15.79,12.39,3.1446756939473475,39.0,1021.0,54,9.999726596675416,70
6358543557984256,Light Cloud,lc,NE,2020-11-28T03:20:37.467720Z,2020-12-04,9.025,16.05,12.39,3.629675693947348,40.5,1021.0,49,9.999726596675416,70
5365091886170112,Clear,c,NE,2020-11-28T00:20:38.557167Z,2020-12-04,9.09,16.625,15.31,3.579965998568361,46.49999999999999,1022.0,46,9.999726596675416,68
5982471926579200,Clear,c,NE,2020-11-27T21:20:38.060221Z,2020-12-04,9.09,16.625,15.31,3.579965998568361,46.49999999999999,1022.0,46,9.999726596675416,68
5677300944207872,Clear,c,NE,2020-11-27T18:20:38.293687Z,2020-12-04,8.22,16.115,14.19,3.8330265250934543,40.49999999999999,1026.0,45,9.999726596675416,68
5947618266972160,Clear,c,NE,2020-11-27T15:20:37.582367Z,2020-12-04,8.22,16.115,14.19,3.8330265250934543,40.49999999999999,1026.0,45,9.999726596675416,68
4766657047166976,Clear,c,NE,2020-11-27T12:20:37.176289Z,2020-12-04,7.904999999999999,16.16,13.85,3.8951636443171873,36.5,1023.0,44,9.999726596675416,68
4888913962336256,Clear,c,NNE,2020-11-27T09:20:37.686496Z,2020-12-04,9.51,14.49,13.85,1.8703272886343751,23.0,1023.0,35,,68
6480044726681600,Heavy Cloud,hc,NE,2020-11-27T06:20:40.757434Z,2020-12-04,10.18,14.21,11.63,2.417133937803229,47.0,1023.0,43,,71
5665680470835200,Heavy Cloud,hc,NE,2020-11-27T03:20:41.459457Z,2020-12-04,10.18,14.21,11.63,2.417133937803229,47.0,1023.0,43,,71
6285168336699392,Clear,c,NNE,2020-11-27T00:20:40.291407Z,2020-12-04,9.4,13.37,13.11,2.019456374771335,25.0,1020.0,37,,68
4901300782235648,Clear,c,NNE,2020-11-26T21:20:43.152757Z,2020-12-04,9.4,13.37,13.11,2.019456374771335,25.0,1020.0,37,,68
5165900027133952,Heavy Cloud,hc,ENE,2020-11-26T18:20:40.689599Z,2020-12-04,11.43,15.75,15.16,2.783742941223256,62.0,1019.0,36,,71
5368271202156544,Heavy Cloud,hc,ENE,2020-11-26T15:20:41.728396Z,2020-12-04,11.43,15.75,15.16,2.783742941223256,62.0,1019.0,36,,71
6033065164931072,Clear,c,NNE,2020-11-26T12:20:41.772069Z,2020-12-04,10.42,15.13,14.99,1.5907102521275749,26.0,1022.0,35,,68
6457985908867072,Clear,c,NNE,2020-11-26T09:20:40.559043Z,2020-12-04,10.42,15.13,14.99,1.5907102521275749,26.0,1022.0,35,,68
4683417728843776,Light Cloud,lc,N,2020-12-06T06:20:17.648132Z,2020-12-05,10.16,14.73,14.71,3.618878489957316,349.5824467410658,1025.0,62,15.362159985683608,70
6068972836356096,Heavy Cloud,hc,ENE,2020-12-06T03:20:16.865403Z,2020-12-05,10.32,14.855,14.5,3.2705284566239823,78.10104492303658,1024.5,53,16.360082120416767,71
4599572853686272,Heavy Cloud,hc,ENE,2020-12-06T00:20:15.926706Z,2020-12-05,10.32,14.855,14.5,3.2705284566239823,78.10104492303658,1024.5,53,16.360082120416767,71
6382408677982208,Heavy Cloud,hc,NE,2020-12-05T21:20:18.937964Z,2020-12-05,10.32,14.855,14.24,3.195964123290649,39.16781814334646,1024.5,52,14.834615843474111,71
4543656808677376,Heavy Cloud,hc,SW,2020-12-05T18:20:16.354668Z,2020-12-05,8.600000000000001,14.649999999999999,15.035,3.0674693874307386,221.10114101950717,1024.0,53,17.48258917919351,71
6750552940609536,Heavy Cloud,hc,SW,2020-12-05T15:20:17.135869Z,2020-12-05,8.600000000000001,14.649999999999999,15.045,3.0674693874307386,225.507430611505,1024.0,54,18.007647836634057,71
5456989590126592,Light Cloud,lc,NNE,2020-12-05T12:20:16.963713Z,2020-12-05,9.219999999999999,14.515,14.89,3.1200787311461067,28.50834572978988,1024.0,53,17.191476775630317,70
6711858707824640,Light Cloud,lc,NNW,2020-12-05T09:20:17.479653Z,2020-12-05,9.219999999999999,15.129999999999999,14.355,3.20122816447944,329.0471368185411,1025.0,63,11.5506690924998,70
4578669247856640,Light Cloud,lc,NNW,2020-12-05T06:20:20.013256Z,2020-12-05,9.129999999999999,15.84,14.629999999999999,4.06783261648241,336.70532286317894,1024.5,61,14.591970392905433,70
6126007519019008,Light Cloud,lc,NNW,2020-12-05T03:20:20.542387Z,2020-12-05,9.004999999999999,15.625,14.620000000000001,4.028622383149076,337.32928871206684,1024.0,64,15.433306987194783,70
4898709977432064,Light Cloud,lc,ESE,2020-12-05T00:20:19.355817Z,2020-12-05,9.195,14.715,14.335,2.771798269593574,101.52706611653917,1024.5,57,15.936617652907024,70
6575089299488768,Light Cloud,lc,ENE,2020-12-04T21:20:20.646362Z,2020-12-05,9.195,14.715,14.035,2.7196032362602405,73.45278091838233,1024.5,59,14.781799292133936,70
5254678611755008,Light Cloud,lc,S,2020-12-04T18:20:19.857008Z,2020-12-05,9.26,14.48,14.69,2.8903113313926667,189.85805314915453,1024.0,58,15.925122285850632,70
6735802680737792,Heavy Cloud,hc,SW,2020-12-04T15:20:19.948035Z,2020-12-05,9.26,14.48,14.69,2.9126806313926665,233.87858832748736,1024.0,60,16.744400202815555,71
4688442303709184,Heavy Cloud,hc,SSW,2020-12-04T12:20:19.541576Z,2020-12-05,9.25,14.504999999999999,14.55,2.937121168700125,213.09555271555155,1024.0,59,15.943142050425514,71
5893289883467776,Light Cloud,lc,ESE,2020-12-04T09:20:19.440172Z,2020-12-05,9.02,15.055,14.3,3.5580147687001245,113.99999999999997,1025.0,65,13.749701741827726,70
5438487575658496,Light Cloud,lc,ESE,2020-12-04T06:20:24.005088Z,2020-12-05,8.815000000000001,15.61,14.525,4.196783536353031,118.49999999999999,1024.5,64,14.068465163445477,70
5303710730158080,Light Cloud,lc,NNW,2020-12-04T03:20:24.421946Z,2020-12-05,8.88,15.445,14.45,4.186086469686365,330.0,1024.5,64,14.34528602958721,70
4541566266900480,Heavy Cloud,hc,NW,2020-12-04T00:20:23.321624Z,2020-12-05,9.15,14.98,14.855,2.7942180402343646,316.64156408251466,1024.0,57,15.959608387019804,71
6349681966710784,Heavy Cloud,hc,NNW,2020-12-03T21:20:22.996103Z,2020-12-05,9.15,14.98,14.649999999999999,2.742023006901031,336.97026339376947,1024.0,58,14.817528135687585,71
6423923160776704,Heavy Cloud,hc,ENE,2020-12-03T18:20:22.556185Z,2020-12-05,9.5,15.365,14.885,2.9434316488295025,62.087015073704336,1023.5,56,15.661039529149765,71
4948772384669696,Heavy Cloud,hc,ENE,2020-12-03T15:20:22.556658Z,2020-12-05,9.5,15.365,14.945,2.8986930488295024,62.087015073704336,1024.0,58,16.98114262705798,71
5402313146499072,Light Cloud,lc,SE,2020-12-03T12:20:23.843078Z,2020-12-05,9.49,15.125,14.795,3.262402194178001,134.00640361345648,1024.5,55,16.05623160741271,70
6653463392944128,Light Cloud,lc,NNW,2020-12-03T09:20:22.865013Z,2020-12-05,9.195,15.11,14.45,3.368546060844668,337.18186808212346,1025.0,61,13.773003161536625,70
5580308905721856,Light Cloud,lc,N,2020-12-03T06:20:25.648105Z,2020-12-05,9.0,15.455,14.940000000000001,3.376002389310427,359.9499078286381,1024.5,58,14.161981527877197,70
6182284475498496,Light Cloud,lc,N,2020-12-03T03:20:26.005481Z,2020-12-05,9.055,15.96,14.905000000000001,3.5472333893104273,9.126844125442771,1024.0,58,15.803333532172115,70
6480104856223744,Light Cloud,lc,NNE,2020-12-03T00:20:25.660385Z,2020-12-05,9.125,15.27,14.315000000000001,3.5095364927914314,15.494725021345,1024.0,53,14.93465660542432,70
5921453762412544,Light Cloud,lc,N,2020-12-02T21:20:25.661817Z,2020-12-05,9.125,15.27,14.115,3.293299926124764,7.243031887443663,1024.0,54,14.800751113497176,70
6036947077169152,Light Cloud,lc,NNE,2020-12-02T18:20:26.050625Z,2020-12-05,10.105,15.84,14.84,3.4616659588112095,25.36686833478982,1024.5,48,15.670049411437207,70
5565131028168704,Light Cloud,lc,NNE,2020-12-02T15:20:26.859850Z,2020-12-05,10.105,15.84,15.09,3.252885825477876,17.614354609248075,1024.5,50,18.20244770540046,70
6589197025542144,Light Cloud,lc,NNE,2020-12-02T12:20:26.482788Z,2020-12-05,10.195,15.87,15.31,3.4231413853363026,23.824319415696763,1024.5,48,16.518842460033405,70
5471674821509120,Light Cloud,lc,NNE,2020-12-02T09:20:25.300763Z,2020-12-05,9.515,15.795,14.745000000000001,3.9026185853363025,14.163112722905081,1024.5,55,14.445016105941303,70
6309144924520448,Clear,c,NNE,2020-12-02T06:20:28.779844Z,2020-12-05,9.225,16.175,15.145,3.8781781528964188,15.504552586073565,1023.0,53,14.655971625705877,68
4757620301758464,Clear,c,NNE,2020-12-02T03:20:28.512790Z,2020-12-05,9.04,16.21,15.295,3.696761752896419,13.0,1023.0,54,17.249885667700628,68
5584139781668864,Clear,c,NNE,2020-12-02T00:20:29.496503Z,2020-12-05,9.08,15.945,15.29,4.125506826864446,16.43194593572398,1023.5,47,15.194389763779528,68
5548699825471488,Clear,c,N,2020-12-01T21:20:28.145232Z,2020-12-05,9.08,15.945,15.225000000000001,4.073311793531112,9.933598585202406,1024.0,49,15.352528732203929,68
5799831395106816,Light Cloud,lc,NNE,2020-12-01T18:20:28.430198Z,2020-12-05,9.14,16.595,15.504999999999999,4.371244770426045,19.631550726903505,1023.5,47,15.693661516742225,70
4862154504142848,Light Cloud,lc,NNE,2020-12-01T15:20:29.157082Z,2020-12-05,9.14,16.595,15.55,3.990966670426045,11.47433560008686,1024.0,50,18.71321482541955,70
5863650179940352,Clear,c,NNE,2020-12-01T12:20:29.932302Z,2020-12-05,8.67,16.425,15.315,3.911016406993823,21.0,1023.0,44,16.870849240435852,68
5735561269608448,Clear,c,NNE,2020-12-01T09:20:28.369871Z,2020-12-05,8.365,15.884999999999998,14.59,2.976179710490734,22.499999999999996,1023.0,46,9.999726596675416,68
6466993562583040,Clear,c,NE,2020-12-01T06:20:31.764372Z,2020-12-05,8.280000000000001,16.419999999999998,15.81,3.041423685675654,39.5,1024.0,47,9.999726596675416,68
5903994586136576,Clear,c,NE,2020-12-01T03:20:32.242349Z,2020-12-05,8.165,16.82,15.81,3.061423685675654,39.5,1024.0,46,9.999726596675416,68
5505554899271680,Clear,c,NNE,2020-12-01T00:20:32.158719Z,2020-12-05,8.36,16.439999999999998,15.18,2.8998671756939474,32.0,1023.0,43,9.999726596675416,68
4922654420107264,Clear,c,NNE,2020-11-30T21:20:32.459729Z,2020-12-05,8.36,16.439999999999998,15.18,2.8998671756939474,32.0,1023.0,43,9.999726596675416,68
5529104305618944,Clear,c,NE,2020-11-30T18:20:31.863625Z,2020-12-05,8.379999999999999,15.829999999999998,15.26,2.7519456374771334,41.0,1023.0,43,9.999726596675416,68
6045097918464000,Clear,c,NE,2020-11-30T15:20:32.555452Z,2020-12-05,8.379999999999999,15.829999999999998,15.26,2.7519456374771334,41.0,1023.0,43,9.999726596675416,68
4918619935866880,Clear,c,N,2020-11-30T12:20:33.140516Z,2020-12-05,8.555,15.684999999999999,14.97,3.152730056470214,9.999999999999986,1023.0,44,9.999726596675416,68
4915048435679232,Clear,c,N,2020-11-30T09:20:32.364634Z,2020-12-05,8.29,15.54,14.97,3.022730056470214,0.4999999999999842,1023.0,46,9.999726596675416,68
5916929383464960,Clear,c,NNE,2020-11-30T06:20:34.555951Z,2020-12-05,7.930000000000001,15.82,15.02,3.0289437683925873,26.5,1024.0,47,9.999726596675416,68
5205942812540928,Clear,c,NNE,2020-11-30T03:20:35.062883Z,2020-12-05,8.035,15.879999999999999,15.02,2.8289437683925875,29.500000000000004,1024.0,56,9.999726596675416,68
5335122275467264,Clear,c,NNE,2020-11-30T00:20:34.056918Z,2020-12-05,8.285,15.49,14.56,2.9501111508788673,19.5,1023.0,57,9.999726596675416,68
4653162670587904,Clear,c,NNE,2020-11-29T21:20:35.440744Z,2020-12-05,8.285,15.49,14.56,2.9501111508788673,19.5,1023.0,57,9.999726596675416,68
5423012204511232,Light Cloud,lc,NNE,2020-11-29T18:20:34.850785Z,2020-12-05,8.004999999999999,15.18,14.24,3.624379225324107,18.499999999999996,1024.0,55,9.999726596675416,70
5544218832404480,Light Cloud,lc,NNE,2020-11-29T15:20:34.157584Z,2020-12-05,8.004999999999999,15.18,14.24,3.624379225324107,18.499999999999996,1024.0,55,9.999726596675416,70
6034225108090880,Heavy Cloud,hc,NNE,2020-11-29T12:20:34.556012Z,2020-12-05,8.14,15.245000000000001,14.37,3.8480728545295473,18.0,1024.0,58,9.999726596675416,71
5955421014589440,Light Cloud,lc,NNE,2020-11-29T09:20:34.487107Z,2020-12-05,8.185,15.434999999999999,14.37,3.2230728545295473,12.5,1024.0,56,9.999726596675416,70
6337385609560064,Clear,c,NNE,2020-11-29T06:20:36.871510Z,2020-12-05,8.025,15.875,14.8,3.1391877435775073,25.5,1025.0,53,9.999726596675416,68
5988656377495552,Clear,c,NNE,2020-11-29T03:20:37.577891Z,2020-12-05,8.04,15.94,14.8,3.1891877435775076,26.5,1025.0,51,9.999726596675416,68
5201818670858240,Clear,c,N,2020-11-29T00:20:37.678773Z,2020-12-05,7.984999999999999,15.165,13.7,3.1581191839656406,9.499999999999991,1024.0,52,9.999726596675416,68
6370160504995840,Clear,c,N,2020-11-28T21:20:38.077287Z,2020-12-05,7.984999999999999,15.165,13.7,3.1581191839656406,9.499999999999991,1024.0,52,9.999726596675416,68
6690554193641472,Clear,c,NNE,2020-11-28T18:20:39.668226Z,2020-12-05,8.01,15.515,14.65,3.1455929372464806,14.500000000000002,1023.0,58,9.999726596675416,68
4701976450301952,Clear,c,NNE,2020-11-28T15:20:37.482823Z,2020-12-05,8.01,15.515,14.65,3.1455929372464806,14.500000000000002,1023.0,58,9.999726596675416,68
5524687602843648,Clear,c,N,2020-11-28T12:20:38.796878Z,2020-12-05,7.815,14.84,13.3,3.3537522866459875,3.999999999999999,1021.0,59,9.999726596675416,68
6210757726306304,Clear,c,N,2020-11-28T09:20:37.491798Z,2020-12-05,9.9,13.3,13.3,1.4975045732919747,3.0000000000000004,1021.0,39,,68
4822700733235200,Clear,c,N,2020-11-28T06:20:40.549323Z,2020-12-05,10.12,14.67,14.67,1.5099319971367215,356.99999999999994,1024.0,36,,68
4987221703655424,Clear,c,N,2020-11-28T03:20:40.661689Z,2020-12-05,10.12,14.67,14.67,1.5099319971367215,356.99999999999994,1024.0,36,,68
6471291952431104,Clear,c,NNE,2020-11-28T00:20:41.588204Z,2020-12-05,10.08,14.4,14.09,1.5534279805933349,28.0,1020.0,37,,68
5055607917772800,Clear,c,NNE,2020-11-27T21:20:40.077531Z,2020-12-05,10.08,14.4,14.09,1.5534279805933349,28.0,1020.0,37,,68
4775353215090688,Clear,c,NW,2020-11-27T18:20:41.458807Z,2020-12-05,9.47,13.25,13.25,0.7021494472281874,326.0,1022.0,38,,68
6124622626947072,Clear,c,NW,2020-11-27T15:20:40.676167Z,2020-12-05,9.47,13.25,13.25,0.7021494472281874,326.0,1022.0,38,,68
6363569340809216,Clear,c,NE,2020-11-27T12:20:40.257319Z,2020-12-05,9.24,14.18,13.75,1.8330450171001351,40.0,1019.0,36,,68
5591017500704768,Clear,c,NE,2020-11-27T09:20:40.758485Z,2020-12-05,9.24,14.18,13.75,1.8330450171001351,40.0,1019.0,36,,68
